{
    "r2": 0.14765333443687656,
    "mae": 0.7301380122432406,
    "rmse": 0.9236306992821942
}